{"cameraMode":{"drawMode":0,"name":"Shaded","section":"Shading Mode"},"sceneLighting":false,"audioPlay":false,"sceneViewState":{"m_AlwaysRefresh":false,"showFog":true,"showSkybox":false,"showFlares":true,"showImageEffects":true,"showParticleSystems":true,"showVisualEffectGraphs":true,"m_FxEnabled":true},"in2DMode":false,"pivot":{"x":3.4658851623535158,"y":3.0089454650878908,"z":6.275293350219727},"rotation":{"x":0.007132734637707472,"y":0.1262563019990921,"z":0.0009079761221073568,"w":-0.9919737577438355},"size":45.40226364135742,"orthographic":false}